ball_x,ball_y,ball_z,kalman_x,kalman_y,kalman_z,cam_desired_pos_x,cam_desired_pos_y,cam_desired_pos_z,cam_desired_orient_x,cam_desired_orient_y,cam_desired_orient_z,cam_desired_orient_w,cam_real_pos_x,cam_real_pos_y,cam_real_pos_z,cam_real_orient_x,cam_real_orient_y,cam_real_orient_z,cam_real_orient_w
0.155152,-0.00145282,0.561797,0.166444,0.0304691,0.607631,0,0,0.055,0,0.707107,0,0.707107,0,0,0.055,0,0.707107,0,0.707107
0.155152,-0.00145282,0.561797,0.155927,-0.000524568,0.556653,0,0,0.055,0,0.707107,0,0.707107,0,0,0.055,0,0.707107,0,0.707107
0.153121,-0.0112057,0.529254,0.154687,-0.00527017,0.543685,0,0,0.055,0,0.707107,0,0.707107,0,0,0.055,0,0.707107,0,0.707107
0.153121,-0.0112057,0.529254,0.153362,-0.0102918,0.529827,0,0,0.055,0,0.707107,0,0.707107,0,0,0.055,0,0.707107,0,0.707107
0.153121,-0.0112057,0.529254,0.152005,-0.0154177,0.515629,0,0,0.055,0,0.707107,0,0.707107,0,0,0.055,0,0.707107,0,0.707107
0.153121,-0.0112057,0.529254,0.152066,-0.0152537,0.518542,0,0,0.055,0,0.707107,0,0.707107,0,0,0.055,0,0.707107,0,0.707107
0.153121,-0.0112057,0.529254,0.151073,-0.019065,0.508596,0,0,0.055,0,0.707107,0,0.707107,0,0,0.055,0,0.707107,0,0.707107
0.153121,-0.0112057,0.529254,0.150079,-0.0228802,0.498638,0,0,0.055,0,0.707107,0,0.707107,0,0,0.055,0,0.707107,0,0.707107
0.153121,-0.0112057,0.529254,0.149083,-0.0267011,0.488662,0,0,0.055,0,0.707107,0,0.707107,0,0,0.055,0,0.707107,0,0.707107
0.153121,-0.0112057,0.529254,0.148098,-0.0304865,0.478799,0,0,0.055,0,0.707107,0,0.707107,0,0,0.055,0,0.707107,0,0.707107
0.153121,-0.0112057,0.529254,0.147114,-0.0342721,0.468935,0,0,0.055,0,0.707107,0,0.707107,0,0,0.055,0,0.707107,0,0.707107
0.147001,-0.0246524,0.495459,0.146045,-0.0383207,0.458224,0,0,0.055,0,0.707107,0,0.707107,0,0,0.055,0,0.707107,0,0.707107
0.147001,-0.0246524,0.495459,0.145047,-0.042147,0.44823,0,0,0.055,0,0.707107,0,0.707107,0,0,0.055,0,0.707107,0,0.707107
0.147001,-0.0246524,0.495459,0.146207,-0.0261968,0.491496,0,0,0.055,0,0.707107,0,0.707107,0,0,0.055,0,0.707107,0,0.707107
0.147001,-0.0246524,0.495459,0.145507,-0.0274077,0.488577,0,0,0.055,0,0.707107,0,0.707107,0,0,0.055,0,0.707107,0,0.707107
0.147001,-0.0246524,0.495459,0.144805,-0.0286225,0.485641,0,0,0.055,0,0.707107,0,0.707107,0,0,0.055,0,0.707107,0,0.707107
0.147001,-0.0246524,0.495459,0.144102,-0.0298372,0.482706,0,0,0.055,0,0.707107,0,0.707107,0,0,0.055,0,0.707107,0,0.707107
0.143948,-0.0076687,0.406394,0.143394,-0.0310595,0.479739,0,0,0.055,0,0.707107,0,0.707107,0,0,0.055,0,0.707107,0,0.707107
0.143948,-0.0076687,0.406394,0.142696,-0.0322672,0.476833,0,0,0.055,0,0.707107,0,0.707107,0,0,0.055,0,0.707107,0,0.707107
0.143948,-0.0076687,0.406394,0.143447,-0.00501806,0.392444,0,0,0.055,0,0.707107,0,0.707107,0,0,0.055,0,0.707107,0,0.707107
0.156312,-0.0125534,0.496412,0.142933,-0.00156519,0.375632,0,0,0.055,0,0.707107,0,0.707107,0,0,0.055,0,0.707107,0,0.707107
0.156312,-0.0125534,0.496412,0.142462,0.00167597,0.35999,0,0,0.055,0,0.707107,0,0.707107,0,0,0.055,0,0.707107,0,0.707107
0.156312,-0.0125534,0.496412,0.141947,0.00513222,0.343158,0,0,0.055,0,0.707107,0,0.707107,0,0,0.055,0,0.707107,0,0.707107
0.176851,-0.0284216,0.430424,0.158341,-0.0123783,0.507389,0,0,0.055,0,0.707107,0,0.707107,0,0,0.055,0,0.707107,0,0.707107
0.176851,-0.0284216,0.430424,0.161205,-0.0132198,0.527222,0,0,0.055,0,0.707107,0,0.707107,0,0,0.055,0,0.707107,0,0.707107
0.176851,-0.0284216,0.430424,0.164057,-0.0140576,0.546979,0,0,0.055,0,0.707107,0,0.707107,0,0,0.055,0,0.707107,0,0.707107
0.176851,-0.0284216,0.430424,0.181727,-0.031527,0.43182,0,0,0.055,0,0.707107,0,0.707107,0,0,0.055,0,0.707107,0,0.707107
0.176851,-0.0284216,0.430424,0.188004,-0.0361801,0.42097,0,0,0.055,0,0.707107,0,0.707107,0,0,0.055,0,0.707107,0,0.707107
0.176851,-0.0284216,0.430424,0.194172,-0.0407508,0.410318,0,0,0.055,0,0.707107,0,0.707107,0,0,0.055,0,0.707107,0,0.707107
0.176851,-0.0284216,0.430424,0.200356,-0.0453327,0.399638,0,0,0.055,0,0.707107,0,0.707107,0,0,0.055,0,0.707107,0,0.707107
0.176851,-0.0284216,0.430424,0.207027,-0.0502845,0.388072,0,0,0.055,0,0.707107,0,0.707107,0,0,0.055,0,0.707107,0,0.707107
0.176851,-0.0284216,0.430424,0.213689,-0.0552298,0.376522,0,0,0.055,0,0.707107,0,0.707107,0,0,0.055,0,0.707107,0,0.707107
0.176851,-0.0284216,0.430424,0.21987,-0.0598098,0.365847,0,0,0.055,0,0.707107,0,0.707107,0,0,0.055,0,0.707107,0,0.707107
0.176851,-0.0284216,0.430424,0.226075,-0.0644082,0.355128,0,0,0.055,0,0.707107,0,0.707107,0,0,0.055,0,0.707107,0,0.707107
0.176851,-0.0284216,0.430424,0.23228,-0.0690065,0.344409,0,0,0.055,0,0.707107,0,0.707107,0,0,0.055,0,0.707107,0,0.707107
0.176851,-0.0284216,0.430424,0.238495,-0.073612,0.333673,0,0,0.055,0,0.707107,0,0.707107,0,0,0.055,0,0.707107,0,0.707107
0.176851,-0.0284216,0.430424,0.244685,-0.0781994,0.322981,0,0,0.055,0,0.707107,0,0.707107,0,0,0.055,0,0.707107,0,0.707107
0.176851,-0.0284216,0.430424,0.244685,-0.0781994,0.322981,0,0,0.055,0,0.707107,0,0.707107,0,0,0.055,0,0.707107,0,0.707107
0.127608,-0.0449166,0.262879,0.244685,-0.0781994,0.322981,0,0,0.055,0,0.707107,0,0.707107,0,0,0.055,0,0.707107,0,0.707107
0.127608,-0.0449166,0.262879,0.127608,-0.0449166,0.262879,0,0,0.055,0,0.707107,0,0.707107,0,0,0.055,0,0.707107,0,0.707107
0.127608,-0.0449166,0.262879,0.127608,-0.0449166,0.262879,0,0,0.055,0,0.707107,0,0.707107,0,0,0.055,0,0.707107,0,0.707107
0.127608,-0.0449166,0.262879,0.127608,-0.0449166,0.262879,0,0,0.055,0,0.707107,0,0.707107,0,0,0.055,0,0.707107,0,0.707107
0.127608,-0.0449166,0.262879,0.127608,-0.0449166,0.262879,0,0,0.055,0,0.707107,0,0.707107,0,0,0.055,0,0.707107,0,0.707107
0.127608,-0.0449166,0.262879,0.127608,-0.0449166,0.262879,0,0,0.055,0,0.707107,0,0.707107,0,0,0.055,0,0.707107,0,0.707107
0.127608,-0.0449166,0.262879,0.127608,-0.0449166,0.262879,0,0,0.055,0,0.707107,0,0.707107,0,0,0.055,0,0.707107,0,0.707107
0.138958,-0.0387093,0.359103,0.127608,-0.0449166,0.262879,0,0,0.055,0,0.707107,0,0.707107,0,0,0.055,0,0.707107,0,0.707107
0.138958,-0.0387093,0.359103,0.127608,-0.0449166,0.262879,0,0,0.055,0,0.707107,0,0.707107,0,0,0.055,0,0.707107,0,0.707107
0.138958,-0.0387093,0.359103,0.13974,-0.0382813,0.365738,0,0,0.055,0,0.707107,0,0.707107,0,0,0.055,0,0.707107,0,0.707107
0.138958,-0.0387093,0.359103,0.14054,-0.0378442,0.372515,0,0,0.055,0,0.707107,0,0.707107,0,0,0.055,0,0.707107,0,0.707107
0.138958,-0.0387093,0.359103,0.141343,-0.0374049,0.379325,0,0,0.055,0,0.707107,0,0.707107,0,0,0.055,0,0.707107,0,0.707107
0.138958,-0.0387093,0.359103,0.142137,-0.0369706,0.386057,0,0,0.055,0,0.707107,0,0.707107,0,0,0.055,0,0.707107,0,0.707107
0.128526,-0.0264135,0.367484,0.142931,-0.0365365,0.392786,0,0,0.055,0,0.707107,0,0.707107,0,0,0.055,0,0.707107,0,0.707107
0.128526,-0.0264135,0.367484,0.143768,-0.0360786,0.399884,0,0,0.055,0,0.707107,0,0.707107,0,0,0.055,0,0.707107,0,0.707107
0.128526,-0.0264135,0.367484,0.144564,-0.0356434,0.406631,0,0,0.055,0,0.707107,0,0.707107,0,0,0.055,0,0.707107,0,0.707107
0.128526,-0.0264135,0.367484,0.126907,-0.0245407,0.368596,0,0,0.055,0,0.707107,0,0.707107,0,0,0.055,0,0.707107,0,0.707107
0.127027,-0.018092,0.395119,0.125169,-0.0226352,0.369223,0,0,0.055,0,0.707107,0,0.707107,0,0,0.055,0,0.707107,0,0.707107
0.127027,-0.018092,0.395119,0.123454,-0.0207552,0.369839,0,0,0.055,0,0.707107,0,0.707107,0,0,0.055,0,0.707107,0,0.707107
0.127027,-0.018092,0.395119,0.125923,-0.0157445,0.400109,0,0,0.055,0,0.707107,0,0.707107,0,0,0.055,0,0.707107,0,0.707107
0.120422,-0.0138273,0.409149,0.125161,-0.0131415,0.407521,0,0,0.055,0,0.707107,0,0.707107,0,0,0.055,0,0.707107,0,0.707107
0.120422,-0.0138273,0.409149,0.124397,-0.0105303,0.414957,0,0,0.055,0,0.707107,0,0.707107,0,0,0.055,0,0.707107,0,0.707107
0.117569,-0.0244622,0.395728,0.119033,-0.0117579,0.415609,0,0,0.055,0,0.707107,0,0.707107,0,0,0.055,0,0.707107,0,0.707107
0.117569,-0.0244622,0.395728,0.117243,-0.0100238,0.421474,0,0,0.055,0,0.707107,0,0.707107,0,0,0.055,0,0.707107,0,0.707107
0.116642,-0.0157747,0.414888,0.115798,-0.0241362,0.399105,0,0,0.055,0,0.707107,0,0.707107,0,0,0.055,0,0.707107,0,0.707107
0.116642,-0.0157747,0.414888,0.113828,-0.0268067,0.397643,0,0,0.055,0,0.707107,0,0.707107,0,0,0.055,0,0.707107,0,0.707107
0.117656,-0.0148483,0.414799,0.115257,-0.0168442,0.415485,0,0,0.055,0,0.707107,0,0.707107,0,0,0.055,0,0.707107,0,0.707107
0.117656,-0.0148483,0.414799,0.114323,-0.0160801,0.41899,0,0,0.055,0,0.707107,0,0.707107,0,0,0.055,0,0.707107,0,0.707107
0.117656,-0.0148483,0.414799,0.117039,-0.013985,0.417863,0,0,0.055,0,0.707107,0,0.707107,0,0,0.055,0,0.707107,0,0.707107
0.118335,-0.0154716,0.410896,0.117042,-0.0128849,0.420165,0,0,0.055,0,0.707107,0,0.707107,0,0,0.055,0,0.707107,0,0.707107
0.118335,-0.0154716,0.410896,0.117043,-0.0118052,0.422423,0,0,0.055,0,0.707107,0,0.707107,0,0,0.055,0,0.707107,0,0.707107
0.123675,-0.00341734,0.412734,0.117043,-0.0107328,0.424666,0,0,0.055,0,0.707107,0,0.707107,0,0,0.055,0,0.707107,0,0.707107
0.123675,-0.00341734,0.412734,0.11855,-0.0151851,0.410855,0,0,0.055,0,0.707107,0,0.707107,0,0,0.055,0,0.707107,0,0.707107
0.123675,-0.00341734,0.412734,0.118888,-0.015132,0.410013,0,0,0.055,0,0.707107,0,0.707107,0,0,0.055,0,0.707107,0,0.707107
0.128292,0.017485,0.425696,0.124634,-0.00184525,0.41225,0,0,0.055,0,0.707107,0,0.707107,0,0,0.055,0,0.707107,0,0.707107
0.128292,0.017485,0.425696,0.126263,0.00139387,0.412087,0,0,0.055,0,0.707107,0,0.707107,0,0,0.055,0,0.707107,0,0.707107
0.128292,0.017485,0.425696,0.130159,0.0224887,0.427003,0,0,0.055,0,0.707107,0,0.707107,0,0,0.055,0,0.707107,0,0.707107
0.128292,0.017485,0.425696,0.132366,0.0302585,0.43066,0,0,0.055,0,0.707107,0,0.707107,0,0,0.055,0,0.707107,0,0.707107
0.131307,0.0446766,0.44681,0.13461,0.0381623,0.434402,0,0,0.055,0,0.707107,0,0.707107,0,0,0.055,0,0.707107,0,0.707107
0.131307,0.0446766,0.44681,0.136806,0.0458916,0.438034,0,0,0.055,0,0.707107,0,0.707107,0,0,0.055,0,0.707107,0,0.707107
0.131307,0.0446766,0.44681,0.132588,0.0522147,0.451916,0,0,0.055,0,0.707107,0,0.707107,0,0,0.055,0,0.707107,0,0.707107
0.131307,0.0446766,0.44681,0.133786,0.0614443,0.459128,0,0,0.055,0,0.707107,0,0.707107,0,0,0.055,0,0.707107,0,0.707107
0.131307,0.0446766,0.44681,0.134743,0.0690592,0.464919,0,0,0.055,0,0.707107,0,0.707107,0,0,0.055,0,0.707107,0,0.707107
0.131307,0.0446766,0.44681,0.135681,0.0765483,0.470602,0,0,0.055,0,0.707107,0,0.707107,0,0,0.055,0,0.707107,0,0.707107
0.131307,0.0446766,0.44681,0.136619,0.0840294,0.476277,0,0,0.055,0,0.707107,0,0.707107,0,0,0.055,0,0.707107,0,0.707107
0.131307,0.0446766,0.44681,0.137584,0.0917043,0.48212,0,0,0.055,0,0.707107,0,0.707107,0,0,0.055,0,0.707107,0,0.707107
0.137146,0.0452928,0.435077,0.138514,0.0991334,0.48775,0,0,0.055,0,0.707107,0,0.707107,0,0,0.055,0,0.707107,0,0.707107
0.137146,0.0452928,0.435077,0.139442,0.106554,0.493374,0,0,0.055,0,0.707107,0,0.707107,0,0,0.055,0,0.707107,0,0.707107
0.137146,0.0452928,0.435077,0.137861,0.0446631,0.432973,0,0,0.055,0,0.707107,0,0.707107,0,0,0.055,0,0.707107,0,0.707107
0.137146,0.0452928,0.435077,0.138553,0.043204,0.430075,0,0,0.055,0,0.707107,0,0.707107,0,0,0.055,0,0.707107,0,0.707107
0.135522,-0.0141193,0.382085,0.139157,0.0417725,0.427268,0,0,0.055,0,0.707107,0,0.707107,0,0,0.055,0,0.707107,0,0.707107
0.135522,-0.0141193,0.382085,0.139761,0.0403412,0.424462,0,0,0.055,0,0.707107,0,0.707107,0,0,0.055,0,0.707107,0,0.707107
0.128231,-0.0394171,0.336016,0.140365,0.0389098,0.421655,0,0,0.055,0,0.707107,0,0.707107,0,0,0.055,0,0.707107,0,0.707107
0.128231,-0.0394171,0.336016,0.135308,-0.0249547,0.372227,0,0,0.055,0,0.707107,0,0.707107,0,0,0.055,0,0.707107,0,0.707107
0.128231,-0.0394171,0.336016,0.134931,-0.0371625,0.361377,0,0,0.055,0,0.707107,0,0.707107,0,0,0.055,0,0.707107,0,0.707107
0.128231,-0.0394171,0.336016,0.126975,-0.0528447,0.321089,0,0,0.055,0,0.707107,0,0.707107,0,0,0.055,0,0.707107,0,0.707107
0.128231,-0.0394171,0.336016,0.124527,-0.0666818,0.301644,0,0,0.055,0,0.707107,0,0.707107,0,0,0.055,0,0.707107,0,0.707107
0.128231,-0.0394171,0.336016,0.122236,-0.0795315,0.283552,0,0,0.055,0,0.707107,0,0.707107,0,0,0.055,0,0.707107,0,0.707107
0.128231,-0.0394171,0.336016,0.119951,-0.0923501,0.265503,0,0,0.055,0,0.707107,0,0.707107,0,0,0.055,0,0.707107,0,0.707107
0.0955566,-0.0441406,0.176782,0.117662,-0.105191,0.247424,0,0,0.055,0,0.707107,0,0.707107,0,0,0.055,0,0.707107,0,0.707107
0.0955566,-0.0441406,0.176782,0.115347,-0.118197,0.229117,0,0,0.055,0,0.707107,0,0.707107,0,0,0.055,0,0.707107,0,0.707107
0.0955566,-0.0441406,0.176782,0.113073,-0.130947,0.211162,0,0,0.055,0,0.707107,0,0.707107,0,0,0.055,0,0.707107,0,0.707107
0.0955566,-0.0441406,0.176782,0.0908137,-0.0446467,0.153987,0,0,0.055,0,0.707107,0,0.707107,0,0,0.055,0,0.707107,0,0.707107
0.117581,-0.0452698,0.257186,0.0850655,-0.0432632,0.127392,0,0,0.055,0,0.707107,0,0.707107,0,0,0.055,0,0.707107,0,0.707107
0.117581,-0.0452698,0.257186,0.0798058,-0.0421142,0.10305,0,0,0.055,0,0.707107,0,0.707107,0,0,0.055,0,0.707107,0,0.707107
0.117581,-0.0452698,0.257186,0.119007,-0.044747,0.260223,0,0,0.055,0,0.707107,0,0.707107,0,0,0.055,0,0.707107,0,0.707107
0.117581,-0.0452698,0.257186,0.12383,-0.044503,0.277112,0,0,0.055,0,0.707107,0,0.707107,0,0,0.055,0,0.707107,0,0.707107
0.117581,-0.0452698,0.257186,0.128669,-0.0442556,0.294062,0,0,0.055,0,0.707107,0,0.707107,0,0,0.055,0,0.707107,0,0.707107
0.137739,-0.026732,0.32776,0.133521,-0.0440055,0.311061,0,0,0.055,0,0.707107,0,0.707107,0,0,0.055,0,0.707107,0,0.707107
0.137739,-0.026732,0.32776,0.138315,-0.0437674,0.327845,0,0,0.055,0,0.707107,0,0.707107,0,0,0.055,0,0.707107,0,0.707107
0.154863,-0.00675399,0.426637,0.142446,-0.0236954,0.344559,0,0,0.055,0,0.707107,0,0.707107,0,0,0.055,0,0.707107,0,0.707107
0.154863,-0.00675399,0.426637,0.147539,-0.0196632,0.362874,0,0,0.055,0,0.707107,0,0.707107,0,0,0.055,0,0.707107,0,0.707107
0.154863,-0.00675399,0.426637,0.152229,-0.0159407,0.379691,0,0,0.055,0,0.707107,0,0.707107,0,0,0.055,0,0.707107,0,0.707107
0.143346,-0.00932852,0.398791,0.160617,-0.000868491,0.45439,0,0,0.055,0,0.707107,0,0.707107,0,0,0.055,0,0.707107,0,0.707107
0.143346,-0.00932852,0.398791,0.166019,0.00527781,0.483588,0,0,0.055,0,0.707107,0,0.707107,0,0,0.055,0,0.707107,0,0.707107
0.143346,-0.00932852,0.398791,0.146375,-0.0047102,0.419116,0,0,0.055,0,0.707107,0,0.707107,0,0,0.055,0,0.707107,0,0.707107
0.143346,-0.00932852,0.398791,0.145486,-0.00260232,0.424836,0,0,0.055,0,0.707107,0,0.707107,0,0,0.055,0,0.707107,0,0.707107
0.143346,-0.00932852,0.398791,0.144599,-0.000512019,0.430497,0,0,0.055,0,0.707107,0,0.707107,0,0,0.055,0,0.707107,0,0.707107
0.100213,0.0197767,0.446962,0.143714,0.00157188,0.436136,0,0,0.055,0,0.707107,0,0.707107,0,0,0.055,0,0.707107,0,0.707107
0.100213,0.0197767,0.446962,0.142805,0.00380623,0.442287,0,0,0.055,0,0.707107,0,0.707107,0,0,0.055,0,0.707107,0,0.707107
0.100213,0.0197767,0.446962,0.141921,0.00588296,0.447902,0,0,0.055,0,0.707107,0,0.707107,0,0,0.055,0,0.707107,0,0.707107
0.0709207,0.0271907,0.501331,0.0923464,0.0243613,0.453072,0,0,0.055,0,0.707107,0,0.707107,0,0,0.055,0,0.707107,0,0.707107
0.0709207,0.0271907,0.501331,0.0839366,0.0289484,0.45853,0,0,0.055,0,0.707107,0,0.707107,0,0,0.055,0,0.707107,0,0.707107
0.0709207,0.0271907,0.501331,0.075536,0.0335296,0.463978,0,0,0.055,0,0.707107,0,0.707107,0,0,0.055,0,0.707107,0,0.707107
0.0709207,0.0271907,0.501331,0.0617133,0.0307493,0.51301,0,0,0.055,0,0.707107,0,0.707107,0,0,0.055,0,0.707107,0,0.707107
0.0709207,0.0271907,0.501331,0.0520418,0.0336833,0.5284,0,0,0.055,0,0.707107,0,0.707107,0,0,0.055,0,0.707107,0,0.707107
0.0709207,0.0271907,0.501331,0.0422879,0.0366469,0.543959,0,0,0.055,0,0.707107,0,0.707107,0,0,0.055,0,0.707107,0,0.707107
0.0754,0.102787,0.592399,0.0326516,0.0395684,0.559277,0,0,0.055,0,0.707107,0,0.707107,0,0,0.055,0,0.707107,0,0.707107
0.0754,0.102787,0.592399,0.0230365,0.0424823,0.574551,0,0,0.055,0,0.707107,0,0.707107,0,0,0.055,0,0.707107,0,0.707107
0.0754,0.102787,0.592399,0.0126706,0.0456679,0.591386,0,0,0.055,0,0.707107,0,0.707107,0,0,0.055,0,0.707107,0,0.707107
0.0754,0.102787,0.592399,0.0756142,0.115625,0.609434,0,0,0.055,0,0.707107,0,0.707107,0,0,0.055,0,0.707107,0,0.707107
0.0754,0.102787,0.592399,0.0772641,0.128821,0.624931,0,0,0.055,0,0.707107,0,0.707107,0,0,0.055,0,0.707107,0,0.707107
0.0754,0.102787,0.592399,0.0789222,0.142065,0.640493,0,0,0.055,0,0.707107,0,0.707107,0,0,0.055,0,0.707107,0,0.707107
0.0754,0.102787,0.592399,0.0805815,0.155315,0.656064,0,0,0.055,0,0.707107,0,0.707107,0,0,0.055,0,0.707107,0,0.707107
0.0754,0.102787,0.592399,0.0823172,0.169002,0.672236,0,0,0.055,0,0.707107,0,0.707107,0,0,0.055,0,0.707107,0,0.707107
0.0754,0.102787,0.592399,0.0839635,0.182178,0.687705,0,0,0.055,0,0.707107,0,0.707107,0,0,0.055,0,0.707107,0,0.707107
0.0754,0.102787,0.592399,0.0856091,0.195349,0.703168,0,0,0.055,0,0.707107,0,0.707107,0,0,0.055,0,0.707107,0,0.707107
0.0901681,0.102463,0.523568,0.0873603,0.209124,0.719461,0,0,0.055,0,0.707107,0,0.707107,0,0,0.055,0,0.707107,0,0.707107
0.0901681,0.102463,0.523568,0.0890102,0.222321,0.734958,0,0,0.055,0,0.707107,0,0.707107,0,0,0.055,0,0.707107,0,0.707107
0.0901681,0.102463,0.523568,0.0907605,0.236091,0.751245,0,0,0.055,0,0.707107,0,0.707107,0,0,0.055,0,0.707107,0,0.707107
0.0901681,0.102463,0.523568,0.0917489,0.100368,0.513013,0,0,0.055,0,0.707107,0,0.707107,0,0,0.055,0,0.707107,0,0.707107
0.0901681,0.102463,0.523568,0.0933247,0.0972617,0.500737,0,0,0.055,0,0.707107,0,0.707107,0,0,0.055,0,0.707107,0,0.707107
0.0901681,0.102463,0.523568,0.0949,0.0941562,0.488464,0,0,0.055,0,0.707107,0,0.707107,0,0,0.055,0,0.707107,0,0.707107
0.0901681,0.102463,0.523568,0.0964844,0.0910386,0.476151,0,0,0.055,0,0.707107,0,0.707107,0,0,0.055,0,0.707107,0,0.707107
0.211437,0.0986522,0.570976,0.0980697,0.0879199,0.463835,0,0,0.055,0,0.707107,0,0.707107,0,0,0.055,0,0.707107,0,0.707107
0.211437,0.0986522,0.570976,0.0996664,0.0847862,0.451471,0,0,0.055,0,0.707107,0,0.707107,0,0,0.055,0,0.707107,0,0.707107
0.211437,0.0986522,0.570976,0.101238,0.0816858,0.439214,0,0,0.055,0,0.707107,0,0.707107,0,0,0.055,0,0.707107,0,0.707107
0.211437,0.0986522,0.570976,0.228995,0.0980252,0.577879,0,0,0.055,0,0.707107,0,0.707107,0,0,0.055,0,0.707107,0,0.707107
0.211437,0.0986522,0.570976,0.248334,0.0976692,0.586899,0,0,0.055,0,0.707107,0,0.707107,0,0,0.055,0,0.707107,0,0.707107
0.211437,0.0986522,0.570976,0.269498,0.0972889,0.596984,0,0,0.055,0,0.707107,0,0.707107,0,0,0.055,0,0.707107,0,0.707107
0.211437,0.0986522,0.570976,0.290652,0.0969088,0.607063,0,0,0.055,0,0.707107,0,0.707107,0,0,0.055,0,0.707107,0,0.707107
0.211437,0.0986522,0.570976,0.310378,0.0965475,0.616307,0,0,0.055,0,0.707107,0,0.707107,0,0,0.055,0,0.707107,0,0.707107
0.211437,0.0986522,0.570976,0.329904,0.096189,0.625434,0,0,0.055,0,0.707107,0,0.707107,0,0,0.055,0,0.707107,0,0.707107
0.211437,0.0986522,0.570976,0.349596,0.0958283,0.634658,0,0,0.055,0,0.707107,0,0.707107,0,0,0.055,0,0.707107,0,0.707107
0.113487,-0.0414593,0.198814,0.431446,0.0943447,0.673365,0,0,0.055,0,0.707107,0,0.707107,0,0,0.055,0,0.707107,0,0.707107
0.113487,-0.0414593,0.198814,0.431446,0.0943447,0.673365,0,0,0.055,0,0.707107,0,0.707107,0,0,0.055,0,0.707107,0,0.707107
0.0828971,-0.05543,0.225579,0.431446,0.0943447,0.673365,0,0,0.055,0,0.707107,0,0.707107,0,0,0.055,0,0.707107,0,0.707107
0.0828971,-0.05543,0.225579,0.113487,-0.0414593,0.198814,0,0,0.055,0,0.707107,0,0.707107,0,0,0.055,0,0.707107,0,0.707107
0.088006,-0.0399844,0.385968,0.113487,-0.0414593,0.198814,0,0,0.055,0,0.707107,0,0.707107,0,0,0.055,0,0.707107,0,0.707107
0.088006,-0.0399844,0.385968,0.077284,-0.0579935,0.23049,0,0,0.055,0,0.707107,0,0.707107,0,0,0.055,0,0.707107,0,0.707107
0.088006,-0.0399844,0.385968,0.0716424,-0.0605701,0.235427,0,0,0.055,0,0.707107,0,0.707107,0,0,0.055,0,0.707107,0,0.707107
0.0931613,-0.0495432,0.454634,0.0892551,-0.0338865,0.454371,0,0,0.055,0,0.707107,0,0.707107,0,0,0.055,0,0.707107,0,0.707107
0.0855245,-0.0391983,0.393561,0.0914466,-0.0264298,0.533622,0,0,0.055,0,0.707107,0,0.707107,0,0,0.055,0,0.707107,0,0.707107
0.0855245,-0.0391983,0.393561,0.0933672,-0.0194872,0.608202,0,0,0.055,0,0.707107,0,0.707107,0,0,0.055,0,0.707107,0,0.707107
0.0855245,-0.0391983,0.393561,0.0954671,-0.0508748,0.490296,0,0,0.055,0,0.707107,0,0.707107,0,0,0.055,0,0.707107,0,0.707107
0.0855245,-0.0391983,0.393561,0.0852717,-0.0395731,0.397637,0,0,0.055,0,0.707107,0,0.707107,0,0,0.055,0,0.707107,0,0.707107
0.0855245,-0.0391983,0.393561,0.0827993,-0.0372987,0.380138,0,0,0.055,0,0.707107,0,0.707107,0,0,0.055,0,0.707107,0,0.707107
0.0817345,-0.0136,0.44104,0.0803259,-0.0350272,0.362627,0,0,0.055,0,0.707107,0,0.707107,0,0,0.055,0,0.707107,0,0.707107
0.0747475,-0.0525703,0.405652,0.0778637,-0.0327235,0.345245,0,0,0.055,0,0.707107,0,0.707107,0,0,0.055,0,0.707107,0,0.707107
0.0784703,-0.0442743,0.423999,0.0802367,-0.00650208,0.447715,0,0,0.055,0,0.707107,0,0.707107,0,0,0.055,0,0.707107,0,0.707107
0.0784703,-0.0442743,0.423999,0.0721273,-0.0553147,0.405418,0,0,0.055,0,0.707107,0,0.707107,0,0,0.055,0,0.707107,0,0.707107
0.0784703,-0.0442743,0.423999,0.0682261,-0.068719,0.395254,0,0,0.055,0,0.707107,0,0.707107,0,0,0.055,0,0.707107,0,0.707107
0.0784703,-0.0442743,0.423999,0.0781016,-0.0496501,0.425402,0,0,0.055,0,0.707107,0,0.707107,0,0,0.055,0,0.707107,0,0.707107
0.0956392,-0.0461208,0.407067,0.0787135,-0.0527889,0.429987,0,0,0.055,0,0.707107,0,0.707107,0,0,0.055,0,0.707107,0,0.707107
0.0956392,-0.0461208,0.407067,0.0790294,-0.0561779,0.431851,0,0,0.055,0,0.707107,0,0.707107,0,0,0.055,0,0.707107,0,0.707107
0.101756,-0.0457918,0.325062,0.079333,-0.0595771,0.433602,0,0,0.055,0,0.707107,0,0.707107,0,0,0.055,0,0.707107,0,0.707107
0.101756,-0.0457918,0.325062,0.0999961,-0.046175,0.402188,0,0,0.055,0,0.707107,0,0.707107,0,0,0.055,0,0.707107,0,0.707107
0.121985,-0.0321139,0.327698,0.104718,-0.0459283,0.396584,0,0,0.055,0,0.707107,0,0.707107,0,0,0.055,0,0.707107,0,0.707107
0.121985,-0.0321139,0.327698,0.105498,-0.0455202,0.296279,0,0,0.055,0,0.707107,0,0.707107,0,0,0.055,0,0.707107,0,0.707107
0.121985,-0.0321139,0.327698,0.129794,-0.0282491,0.30114,0,0,0.055,0,0.707107,0,0.707107,0,0,0.055,0,0.707107,0,0.707107
0.138638,-0.0072939,0.365644,0.141399,-0.0212979,0.281818,0,0,0.055,0,0.707107,0,0.707107,0,0,0.055,0,0.707107,0,0.707107
0.138638,-0.0072939,0.365644,0.152182,-0.0150693,0.260453,0,0,0.055,0,0.707107,0,0.707107,0,0,0.055,0,0.707107,0,0.707107
0.138638,-0.0072939,0.365644,0.145662,0.00119448,0.374187,0,0,0.055,0,0.707107,0,0.707107,0,0,0.055,0,0.707107,0,0.707107
0.136632,-0.0284915,0.342581,0.152097,0.00998526,0.387058,0,0,0.055,0,0.707107,0,0.707107,0,0,0.055,0,0.707107,0,0.707107
0.163596,0.0126057,0.472817,0.158587,0.0188592,0.400301,0,0,0.055,0,0.707107,0,0.707107,0,0,0.055,0,0.707107,0,0.707107
0.121733,-0.0106309,0.376386,0.136663,-0.0334878,0.338476,0,0,0.055,0,0.707107,0,0.707107,0,0,0.055,0,0.707107,0,0.707107
0.121733,-0.0106309,0.376386,0.168314,0.0151806,0.494498,0,0,0.055,0,0.707107,0,0.707107,0,0,0.055,0,0.707107,0,0.707107
0.121733,-0.0106309,0.376386,0.17933,0.0285317,0.54761,0,0,0.055,0,0.707107,0,0.707107,0,0,0.055,0,0.707107,0,0.707107
0.121733,-0.0106309,0.376386,0.114354,-0.00943089,0.37691,0,0,0.055,0,0.707107,0,0.707107,0,0,0.055,0,0.707107,0,0.707107
0.121733,-0.0106309,0.376386,0.101602,-0.0117251,0.362404,0,0,0.055,0,0.707107,0,0.707107,0,0,0.055,0,0.707107,0,0.707107
0.121733,-0.0106309,0.376386,0.0891016,-0.0143299,0.345805,0,0,0.055,0,0.707107,0,0.707107,0,0,0.055,0,0.707107,0,0.707107
0.121733,-0.0106309,0.376386,0.0766054,-0.0169398,0.329172,0,0,0.055,0,0.707107,0,0.707107,0,0,0.055,0,0.707107,0,0.707107
